hostname,firstSeen,lastSeen
156.251.174.109,2020-11-24 01:20:55,2020-11-24 23:37:50
144.202.113.237,2020-06-02 00:14:56,2020-11-24 23:26:49
144.217.207.21,2020-07-23 17:57:42,2020-11-24 23:26:49
117.51.145.58,2020-11-24 21:52:53,2020-11-24 21:52:53
175.24.81.217,2020-08-21 12:26:16,2020-11-24 21:50:46
159.203.16.149,2020-09-15 03:35:19,2020-11-24 21:44:33
47.57.147.243,2020-11-24 21:41:56,2020-11-24 21:41:56
106.12.132.186,2020-10-27 10:04:41,2020-11-24 21:41:30
106.13.69.191,2020-11-10 02:34:41,2020-11-24 21:41:29
49.235.134.8,2020-11-10 21:41:10,2020-11-24 21:41:20
47.106.239.62,2020-09-03 08:51:32,2020-11-24 21:40:58
144.202.13.108,2020-03-27 19:05:45,2020-11-24 21:40:02
141.164.55.159,2020-10-30 23:55:07,2020-11-24 21:39:52
111.229.163.55,2020-11-05 07:38:23,2020-11-24 21:38:31
87.120.254.113,2020-10-22 15:15:25,2020-11-24 21:35:29
82.194.164.37,2020-10-23 20:35:45,2020-11-24 21:34:31
47.52.113.152,2020-06-10 13:50:12,2020-11-24 21:30:45
45.76.99.2,2020-10-22 15:08:37,2020-11-24 21:30:30
23.236.69.96,2020-11-18 22:51:39,2020-11-24 21:29:38
8.210.253.129,2020-11-22 17:40:21,2020-11-24 21:28:40
5.180.76.245,2020-11-18 22:51:05,2020-11-24 21:28:35
31.14.40.230,2020-06-04 17:30:59,2020-11-24 21:25:35
156.255.2.36,2020-03-09 16:17:03,2020-11-24 19:26:41
154.220.3.196,2019-10-13 22:53:12,2020-11-24 19:24:40
212.64.32.215,2020-11-14 14:33:23,2020-11-24 19:22:41
212.95.150.10,2020-11-23 18:42:48,2020-11-24 19:22:17
217.12.218.250,2020-10-20 14:07:59,2020-11-24 19:21:02
217.12.218.199,2020-07-17 16:33:46,2020-11-24 19:19:27
212.129.150.253,2020-05-22 08:35:44,2020-11-24 19:19:21
218.253.251.90,2020-09-15 15:14:41,2020-11-24 19:19:07
211.149.143.218,2020-09-29 23:18:57,2020-11-24 19:18:54
217.61.61.60,2020-11-03 05:41:40,2020-11-24 19:18:45
199.217.117.184,2020-11-18 20:07:09,2020-11-24 19:18:12
23.19.227.204,2020-11-18 20:07:06,2020-11-24 19:18:09
207.148.70.82,2020-11-18 20:04:52,2020-11-24 19:15:39
207.148.78.25,2020-05-26 18:26:46,2020-11-24 19:15:29
211.49.225.208,2020-03-06 11:39:12,2020-11-24 19:15:00
207.219.199.120,2020-06-13 06:58:01,2020-11-24 19:14:44
206.166.251.75,2020-10-18 20:56:43,2020-11-24 19:14:40
204.16.247.89,2020-07-04 00:28:35,2020-11-24 19:14:38
207.148.65.247,2020-05-26 18:26:31,2020-11-24 19:14:36
206.189.223.152,2020-03-31 16:47:27,2020-11-24 19:14:35
204.16.247.41,2020-09-29 07:45:06,2020-11-24 19:14:28
204.44.83.214,2020-10-18 20:53:26,2020-11-24 19:14:19
202.182.101.162,2020-03-10 16:45:52,2020-11-24 19:13:59
202.61.87.136,2020-03-22 04:37:54,2020-11-24 19:13:06
199.247.18.58,2020-06-03 14:31:31,2020-11-24 19:12:55
198.13.47.54,2020-06-03 14:30:58,2020-11-24 19:12:52
34.238.192.43,2020-06-04 00:13:18,2020-11-24 19:12:42
185.189.183.172,2020-11-10 22:54:58,2020-11-24 19:12:35
54.233.105.164,2020-11-21 12:34:21,2020-11-24 19:12:07
198.44.97.181,2020-11-13 00:52:18,2020-11-24 19:12:02
185.191.32.180,2020-11-23 18:36:10,2020-11-24 19:11:57
185.181.102.197,2020-11-17 20:02:05,2020-11-24 19:11:50
34.248.80.213,2020-11-24 18:38:07,2020-11-24 19:11:43
172.104.9.181,2020-10-15 05:14:29,2020-11-24 19:11:41
192.236.248.169,2020-11-19 22:10:37,2020-11-24 19:11:28
185.82.126.47,2020-10-06 08:43:06,2020-11-24 19:11:27
35.203.173.196,2019-10-25 16:29:34,2020-11-24 19:11:23
156.255.3.224,2020-09-21 10:50:48,2020-11-24 19:11:23
185.158.114.133,2020-10-06 08:44:27,2020-11-24 19:10:52
192.236.248.176,2020-11-24 18:41:14,2020-11-24 19:10:51
198.13.55.13,2020-08-08 23:11:35,2020-11-24 19:10:46
134.209.92.85,2020-09-06 03:16:46,2020-11-24 19:10:44
198.44.97.179,2020-11-13 00:52:42,2020-11-24 19:10:42
35.220.144.193,2020-10-15 21:46:29,2020-11-24 19:10:35
193.187.118.232,2020-11-24 18:41:59,2020-11-24 19:10:32
193.168.147.249,2020-07-19 16:10:32,2020-11-24 19:10:26
193.34.166.89,2020-10-22 11:22:16,2020-11-24 19:10:24
185.144.100.29,2020-11-02 04:52:49,2020-11-24 19:10:21
185.158.249.12,2020-11-23 18:36:47,2020-11-24 19:10:12
193.34.166.207,2020-10-18 20:54:10,2020-11-24 19:10:07
193.112.10.125,2020-06-02 21:11:18,2020-11-24 19:10:06
185.244.149.152,2020-11-05 07:10:49,2020-11-24 19:10:05
185.153.198.121,2020-10-13 10:02:32,2020-11-24 19:10:04
154.86.30.241,2020-10-27 03:57:14,2020-11-24 19:10:04
193.34.167.200,2020-10-18 20:52:51,2020-11-24 19:10:01
185.118.166.66,2020-11-21 12:33:07,2020-11-24 19:09:42
54.214.197.200,2019-04-01 07:55:31,2020-11-24 19:09:38
35.193.193.149,2020-10-12 11:48:13,2020-11-24 19:09:32
193.34.166.169,2020-10-30 23:58:11,2020-11-24 19:09:30
193.34.167.80,2020-10-30 23:58:26,2020-11-24 19:09:28
172.241.29.153,2020-07-14 09:22:25,2020-11-24 19:09:28
195.123.217.7,2020-11-10 22:54:47,2020-11-24 19:09:22
193.34.166.73,2020-10-18 20:53:34,2020-11-24 19:09:21
185.52.3.205,2020-11-05 07:11:12,2020-11-24 19:09:17
185.189.183.173,2020-11-10 22:54:37,2020-11-24 19:09:15
159.65.115.160,2020-10-18 20:52:17,2020-11-24 19:09:15
185.162.235.111,2020-06-28 09:29:26,2020-11-24 19:09:12
194.5.249.55,2020-11-21 12:34:31,2020-11-24 19:09:09
185.150.117.50,2020-10-30 23:56:41,2020-11-24 19:09:08
195.123.239.142,2020-10-12 11:42:58,2020-11-24 19:09:08
192.144.181.141,2020-11-13 00:51:09,2020-11-24 19:09:06
172.105.118.92,2019-10-25 16:28:29,2020-11-24 19:09:02
195.123.233.50,2020-10-15 05:11:55,2020-11-24 19:09:00
104.198.151.234,2020-05-06 23:05:30,2020-11-24 19:08:57
193.187.118.235,2020-11-24 18:39:39,2020-11-24 19:08:56
195.123.217.27,2020-11-04 01:52:29,2020-11-24 19:08:56
167.99.200.45,2020-09-21 23:03:20,2020-11-24 19:08:52
172.245.153.150,2020-08-20 15:00:47,2020-11-24 19:08:51
54.242.70.107,2020-05-13 15:23:41,2020-11-24 19:08:45
154.208.76.59,2020-11-13 00:57:36,2020-11-24 19:08:43
192.144.234.207,2020-11-05 07:44:40,2020-11-24 19:08:41
193.239.84.186,2020-08-31 15:20:49,2020-11-24 19:08:41
185.162.235.35,2019-10-17 17:56:47,2020-11-24 19:08:39
185.162.235.61,2020-08-24 08:27:28,2020-11-24 19:08:38
193.34.166.124,2020-10-30 23:58:06,2020-11-24 19:08:32
192.236.232.228,2020-08-04 01:10:00,2020-11-24 19:08:23
188.119.113.24,2020-10-25 08:04:40,2020-11-24 19:08:22
185.232.52.143,2020-11-09 22:55:40,2020-11-24 19:08:16
182.92.120.156,2020-07-16 02:40:46,2020-11-24 19:08:14
23.83.134.16,2020-11-19 22:08:32,2020-11-24 19:08:07
157.245.88.21,2020-11-24 05:52:39,2020-11-24 19:08:05
103.45.98.227,2020-11-06 15:14:28,2020-11-24 19:07:56
47.107.145.96,2020-11-17 19:52:00,2020-11-24 19:07:47
185.236.201.102,2020-05-13 02:32:35,2020-11-24 19:07:45
185.82.202.123,2020-11-06 15:23:52,2020-11-24 19:07:45
172.241.27.44,2020-08-01 09:16:18,2020-11-24 19:07:42
103.56.53.100,2020-08-03 14:41:15,2020-11-24 19:07:42
179.43.176.202,2020-08-08 23:06:09,2020-11-24 19:07:38
165.227.85.160,2019-11-03 18:51:37,2020-11-24 19:07:36
162.241.127.180,2020-11-15 15:56:42,2020-11-24 19:07:34
103.45.120.215,2020-11-13 00:08:51,2020-11-24 19:07:33
182.92.122.148,2020-11-04 01:53:11,2020-11-24 19:07:31
18.181.239.157,2020-10-13 09:35:11,2020-11-24 19:07:30
185.156.172.56,2020-10-05 08:58:48,2020-11-24 19:07:29
173.234.155.54,2020-11-16 15:59:15,2020-11-24 19:07:29
107.172.104.41,2020-11-22 13:45:15,2020-11-24 19:07:27
151.106.56.187,2020-09-08 07:32:21,2020-11-24 19:07:23
178.79.134.144,2020-10-25 08:41:05,2020-11-24 19:07:19
161.35.218.255,2020-11-10 22:53:48,2020-11-24 19:07:18
172.241.29.156,2020-07-14 19:51:24,2020-11-24 19:07:18
104.237.4.40,2020-07-07 05:29:04,2020-11-24 19:07:16
178.162.199.36,2020-04-23 18:22:49,2020-11-24 19:07:11
185.150.117.142,2020-11-19 22:08:34,2020-11-24 19:07:11
172.105.237.117,2020-08-27 12:06:08,2020-11-24 19:07:10
176.119.29.71,2020-06-18 19:50:29,2020-11-24 19:07:08
185.207.154.21,2020-04-07 16:52:15,2020-11-24 19:07:08
172.241.29.155,2020-07-14 09:20:43,2020-11-24 19:07:08
185.232.52.137,2020-05-27 15:30:39,2020-11-24 19:07:06
182.254.180.180,2020-11-24 19:07:06,2020-11-24 19:07:06
162.254.204.222,2020-05-06 11:50:02,2020-11-24 19:07:02
176.121.14.251,2020-10-22 11:20:11,2020-11-24 19:06:59
176.121.14.229,2020-08-13 20:59:51,2020-11-24 19:06:55
108.160.136.100,2020-10-31 23:54:52,2020-11-24 19:06:55
164.155.95.55,2020-11-05 07:09:03,2020-11-24 19:06:54
176.121.14.197,2020-11-22 22:43:28,2020-11-24 19:06:52
172.98.192.91,2020-08-21 21:39:17,2020-11-24 19:06:48
175.24.68.66,2020-11-23 18:35:38,2020-11-24 19:06:48
34.254.202.133,2020-11-24 18:36:03,2020-11-24 19:06:42
176.121.14.249,2020-09-23 13:12:05,2020-11-24 19:06:41
172.98.192.94,2020-09-04 17:08:31,2020-11-24 19:06:40
167.179.66.246,2020-08-30 02:55:13,2020-11-24 19:06:37
161.35.38.97,2020-08-08 23:02:39,2020-11-24 19:06:29
45.33.27.73,2020-06-05 11:47:00,2020-11-24 19:06:26
168.119.82.216,2020-09-04 16:58:11,2020-11-24 19:06:26
163.172.39.102,2020-06-20 02:53:56,2020-11-24 19:06:24
158.247.197.43,2020-11-06 15:19:10,2020-11-24 19:06:21
168.119.0.88,2020-08-24 20:25:10,2020-11-24 19:06:17
167.88.125.73,2019-07-04 17:24:29,2020-11-24 19:06:15
34.96.251.166,2020-10-13 09:39:10,2020-11-24 19:06:13
154.220.3.226,2020-03-03 08:59:00,2020-11-24 19:06:04
134.209.5.246,2019-09-03 15:38:29,2020-11-24 19:06:00
154.8.160.196,2020-05-22 08:30:36,2020-11-24 19:05:58
139.59.230.84,2020-10-02 23:19:50,2020-11-24 19:05:57
155.138.245.98,2020-09-20 08:45:16,2020-11-24 19:05:56
160.124.49.133,2020-10-16 21:49:31,2020-11-24 19:05:55
145.249.106.134,2020-11-10 22:52:05,2020-11-24 19:05:54
18.163.120.26,2020-09-16 15:04:44,2020-11-24 19:05:54
104.236.172.121,2020-11-14 14:29:39,2020-11-24 19:05:50
157.230.184.142,2020-10-22 11:14:00,2020-11-24 19:05:49
139.180.203.104,2020-09-07 15:08:44,2020-11-24 19:05:48
149.28.95.180,2020-10-25 22:36:19,2020-11-24 19:05:48
159.138.58.45,2020-10-20 14:03:03,2020-11-24 19:05:47
147.78.64.161,2020-11-17 19:51:15,2020-11-24 19:05:32
149.129.63.219,2020-11-23 18:32:01,2020-11-24 19:05:31
47.112.16.34,2020-11-19 22:04:22,2020-11-24 19:05:30
155.94.177.80,2020-11-10 22:52:20,2020-11-24 19:05:30
149.28.157.5,2020-11-06 15:15:49,2020-11-24 19:05:27
148.70.32.190,2020-09-24 03:57:34,2020-11-24 19:05:25
152.136.174.111,2020-11-03 05:38:04,2020-11-24 19:05:24
139.180.199.171,2020-02-26 15:59:13,2020-11-24 19:05:23
104.131.210.108,2019-10-25 16:17:25,2020-11-24 19:05:22
154.208.76.60,2020-11-13 00:56:45,2020-11-24 19:05:21
146.6.15.12,2020-08-17 11:55:09,2020-11-24 19:05:19
103.224.82.194,2020-08-21 04:26:55,2020-11-24 19:05:17
139.217.110.192,2020-09-28 16:04:21,2020-11-24 19:05:17
139.155.59.181,2020-11-21 22:31:16,2020-11-24 19:05:15
104.243.46.74,2020-09-21 23:09:24,2020-11-24 19:05:15
104.41.130.190,2019-02-14 06:23:03,2020-11-24 19:05:14
108.160.140.17,2020-11-18 19:57:51,2020-11-24 19:05:13
139.155.42.254,2020-11-17 19:50:40,2020-11-24 19:05:12
146.56.205.248,2020-11-12 00:40:56,2020-11-24 19:05:12
139.59.1.154,2020-01-03 19:26:45,2020-11-24 19:05:12
139.155.245.29,2020-10-18 20:46:07,2020-11-24 19:05:09
45.61.136.65,2020-10-02 23:19:44,2020-11-24 19:05:08
150.158.158.25,2020-11-24 18:32:33,2020-11-24 19:05:07
144.217.207.19,2020-05-26 18:22:36,2020-11-24 19:05:06
139.60.161.215,2020-10-06 08:36:59,2020-11-24 19:05:05
121.37.175.161,2020-11-24 18:30:39,2020-11-24 19:05:02
138.91.90.6,2020-02-14 18:54:13,2020-11-24 19:04:55
139.60.162.19,2020-11-04 01:51:23,2020-11-24 19:04:53
141.98.80.152,2020-09-02 21:00:02,2020-11-24 19:04:52
145.249.107.130,2020-11-23 19:04:17,2020-11-24 19:04:51
121.37.190.118,2020-11-07 18:53:11,2020-11-24 19:04:51
103.117.72.60,2020-10-28 09:48:48,2020-11-24 19:04:50
108.166.207.133,2020-08-31 04:39:24,2020-11-24 19:04:48
141.164.41.118,2020-06-24 13:12:33,2020-11-24 19:04:47
142.202.205.57,2020-08-05 03:31:13,2020-11-24 19:04:47
104.149.168.199,2020-07-04 00:31:28,2020-11-24 19:04:47
142.202.205.88,2020-07-24 11:57:07,2020-11-24 19:04:41
35.241.143.134,2020-09-17 17:46:09,2020-11-24 19:04:39
135.181.1.70,2020-07-30 14:52:20,2020-11-24 19:04:34
139.196.224.35,2020-11-03 05:37:49,2020-11-24 19:04:31
91.229.77.41,2020-11-17 19:51:34,2020-11-24 19:04:29
121.36.211.148,2020-07-22 14:27:40,2020-11-24 19:04:26
106.13.182.116,2020-06-04 00:15:09,2020-11-24 19:04:25
137.59.16.168,2020-08-22 16:45:01,2020-11-24 19:04:24
95.217.197.78,2020-10-20 13:58:45,2020-11-24 19:04:23
104.247.196.106,2020-11-14 14:29:38,2020-11-24 19:04:21
121.37.23.161,2020-08-04 01:01:38,2020-11-24 19:04:19
95.217.197.67,2020-10-20 13:59:01,2020-11-24 19:04:17
35.225.244.45,2020-08-01 08:49:34,2020-11-24 19:04:16
106.13.168.233,2020-08-04 00:13:01,2020-11-24 19:04:05
103.150.8.146,2020-06-26 06:58:00,2020-11-24 19:04:03
103.152.132.173,2020-09-15 15:03:09,2020-11-24 19:04:01
119.8.235.216,2020-10-25 08:00:03,2020-11-24 19:03:59
129.226.15.142,2020-11-07 18:53:04,2020-11-24 19:03:58
132.232.94.126,2020-11-12 00:39:58,2020-11-24 19:03:55
95.217.197.66,2020-10-20 13:59:56,2020-11-24 19:03:52
47.103.41.75,2020-11-16 15:47:18,2020-11-24 19:03:52
45.32.129.110,2020-10-20 13:53:43,2020-11-24 19:03:49
121.41.82.60,2020-07-19 09:14:46,2020-11-24 19:03:45
118.107.41.104,2020-10-13 09:52:58,2020-11-24 19:03:44
117.51.149.186,2020-11-14 14:49:08,2020-11-24 19:03:43
45.83.140.231,2020-01-11 20:37:39,2020-11-24 19:03:40
111.229.51.128,2019-12-15 19:17:36,2020-11-24 19:03:37
128.14.230.80,2020-10-07 04:43:36,2020-11-24 19:03:35
34.72.48.115,2020-08-20 14:25:42,2020-11-24 19:03:35
104.238.205.44,2020-09-29 07:40:24,2020-11-24 19:03:31
119.3.40.158,2020-11-24 18:29:46,2020-11-24 19:03:31
120.55.14.10,2020-10-22 11:06:47,2020-11-24 19:03:31
80.82.77.164,2020-11-14 14:25:29,2020-11-24 19:03:29
103.234.72.154,2020-11-21 22:30:52,2020-11-24 19:03:29
47.74.39.152,2020-04-24 19:42:01,2020-11-24 19:03:28
106.14.0.74,2020-08-08 22:51:02,2020-11-24 19:03:25
119.28.9.129,2020-11-09 22:48:52,2020-11-24 19:03:25
108.62.118.37,2020-11-14 14:26:45,2020-11-24 19:03:25
103.253.43.98,2020-10-20 14:00:24,2020-11-24 19:03:23
108.177.235.22,2020-07-04 00:28:00,2020-11-24 19:03:21
120.24.64.98,2020-08-13 20:48:48,2020-11-24 19:03:20
104.243.41.123,2020-09-29 07:46:21,2020-11-24 19:03:19
47.101.43.224,2020-04-22 07:52:13,2020-11-24 19:03:19
100.25.151.21,2020-06-23 01:28:07,2020-11-24 19:03:16
35.241.79.76,2020-10-07 20:15:07,2020-11-24 19:03:15
122.114.81.237,2020-10-25 22:34:09,2020-11-24 19:03:13
103.254.75.240,2020-03-31 03:35:36,2020-11-24 19:03:13
119.29.111.190,2020-10-14 06:06:10,2020-11-24 19:03:11
113.31.118.7,2020-10-14 06:06:16,2020-11-24 19:03:10
95.179.228.227,2020-07-22 19:36:52,2020-11-24 19:03:10
87.251.70.12,2020-09-30 12:48:13,2020-11-24 19:03:07
43.240.15.68,2020-02-29 05:42:55,2020-11-24 19:03:05
119.45.5.195,2020-05-30 01:48:28,2020-11-24 19:03:04
106.53.20.202,2020-08-27 01:58:56,2020-11-24 19:03:04
114.118.5.108,2020-10-28 09:47:16,2020-11-24 19:03:04
122.10.52.70,2020-11-13 00:47:52,2020-11-24 19:03:02
116.63.189.240,2020-11-13 00:46:41,2020-11-24 19:03:02
51.83.180.153,2020-06-20 02:36:15,2020-11-24 19:03:00
118.107.41.40,2020-09-11 21:54:29,2020-11-24 19:03:00
118.126.100.187,2020-06-14 06:11:02,2020-11-24 19:02:56
108.61.200.55,2020-03-23 04:53:09,2020-11-24 19:02:55
116.62.49.176,2020-03-19 19:49:54,2020-11-24 19:02:53
95.180.215.161,2020-11-24 05:46:07,2020-11-24 19:02:50
117.50.106.161,2020-04-06 03:27:58,2020-11-24 19:02:47
34.212.57.1,2020-01-20 06:25:00,2020-11-24 19:02:47
47.95.37.84,2020-11-10 22:48:49,2020-11-24 19:02:46
106.55.153.204,2020-09-07 15:07:27,2020-11-24 19:02:46
45.76.48.40,2020-11-12 00:36:09,2020-11-24 19:02:46
109.201.142.110,2020-10-06 08:35:43,2020-11-24 19:02:45
47.104.143.234,2020-08-30 12:52:15,2020-11-24 19:02:44
39.98.250.32,2020-11-14 14:22:29,2020-11-24 19:02:44
103.96.151.147,2020-10-28 09:47:56,2020-11-24 19:02:42
45.76.210.100,2020-10-02 23:15:28,2020-11-24 19:02:35
106.75.67.182,2020-09-17 17:37:15,2020-11-24 19:02:34
43.226.155.81,2020-09-15 15:07:21,2020-11-24 19:02:34
108.177.235.180,2020-11-23 19:03:16,2020-11-24 19:02:32
95.217.197.85,2020-10-20 13:56:32,2020-11-24 19:02:32
103.143.81.177,2020-08-25 08:58:17,2020-11-24 19:02:26
100.24.56.227,2019-12-15 19:13:45,2020-11-24 19:02:24
106.14.94.149,2020-06-15 03:30:53,2020-11-24 19:02:23
103.143.208.3,2020-10-10 15:56:48,2020-11-24 19:02:21
87.248.0.216,2020-09-29 23:05:25,2020-11-24 19:02:19
89.45.4.135,2020-07-09 10:51:47,2020-11-24 19:02:17
103.147.12.5,2020-03-17 17:53:59,2020-11-24 19:02:17
103.234.72.32,2020-10-18 18:44:53,2020-11-24 19:02:15
94.140.115.131,2020-09-22 23:07:07,2020-11-24 19:02:13
103.140.186.16,2020-05-19 12:49:17,2020-11-24 19:02:09
95.179.239.225,2020-07-04 19:58:24,2020-11-24 19:02:06
39.107.60.234,2020-10-09 23:25:47,2020-11-24 19:02:05
103.51.140.139,2020-11-02 04:41:06,2020-11-24 19:02:02
52.229.22.93,2020-06-20 02:54:12,2020-11-24 19:02:01
13.76.216.122,2020-10-01 17:03:50,2020-11-24 19:01:59
3.122.109.210,2020-10-07 04:22:56,2020-11-24 19:01:58
88.119.174.150,2020-11-04 01:47:52,2020-11-24 19:01:51
3.16.1.87,2020-08-04 00:53:36,2020-11-24 19:01:46
45.32.36.214,2020-06-03 14:23:26,2020-11-24 19:01:43
95.217.197.124,2020-10-20 14:34:36,2020-11-24 19:01:39
92.42.14.133,2020-04-30 19:52:53,2020-11-24 19:01:34
81.70.213.71,2020-11-19 22:02:38,2020-11-24 19:01:27
47.92.93.180,2020-09-04 21:50:34,2020-11-24 19:01:25
43.242.201.222,2020-08-31 13:27:43,2020-11-24 19:01:24
34.96.157.246,2020-09-27 14:15:15,2020-11-24 19:01:22
39.106.83.167,2020-11-09 22:41:30,2020-11-24 19:01:17
45.76.69.114,2020-11-23 18:25:58,2020-11-24 19:01:15
31.14.40.143,2020-08-06 04:59:19,2020-11-24 19:01:08
34.84.137.228,2020-11-21 12:28:19,2020-11-24 19:01:00
34.217.55.137,2020-11-17 19:54:59,2020-11-24 19:00:58
34.121.230.223,2020-11-14 14:25:06,2020-11-24 19:00:49
47.97.116.203,2020-11-03 05:34:57,2020-11-24 19:00:48
40.121.162.127,2020-11-06 15:05:10,2020-11-24 19:00:42
74.118.138.113,2020-11-09 22:45:20,2020-11-24 19:00:39
78.128.113.14,2020-10-02 23:14:46,2020-11-24 19:00:36
74.118.138.168,2020-10-30 23:52:47,2020-11-24 19:00:36
45.146.165.140,2020-11-03 05:33:17,2020-11-24 19:00:33
79.141.164.206,2020-11-09 22:44:33,2020-11-24 19:00:31
3.137.217.140,2020-10-02 23:08:17,2020-11-24 19:00:28
3.236.164.118,2020-10-28 09:41:28,2020-11-24 19:00:23
3.236.183.143,2020-07-21 05:20:08,2020-11-24 19:00:22
52.166.232.140,2019-02-14 05:03:02,2020-11-24 19:00:17
66.42.40.220,2020-11-21 12:25:42,2020-11-24 19:00:12
63.142.243.214,2020-07-16 02:31:12,2020-11-24 19:00:07
13.91.4.128,2020-03-26 13:03:01,2020-11-24 19:00:02
45.147.231.51,2020-11-13 21:33:18,2020-11-24 19:00:02
18.130.155.157,2020-02-04 22:54:40,2020-11-24 19:00:01
79.141.167.40,2020-09-01 04:36:20,2020-11-24 18:59:58
20.36.203.162,2020-11-18 19:45:38,2020-11-24 18:59:56
3.138.181.35,2020-11-17 19:41:48,2020-11-24 18:59:55
23.106.160.138,2020-11-14 14:22:59,2020-11-24 18:59:51
77.123.155.74,2020-08-20 14:38:19,2020-11-24 18:59:49
51.195.35.0,2020-10-18 21:23:44,2020-11-24 18:59:46
23.106.160.229,2020-07-14 20:02:30,2020-11-24 18:59:44
23.106.215.40,2020-09-29 07:53:07,2020-11-24 18:59:41
45.77.249.181,2020-05-26 18:22:57,2020-11-24 18:59:40
64.187.238.202,2020-10-08 22:18:28,2020-11-24 18:59:35
45.153.243.215,2020-11-13 21:31:46,2020-11-24 18:59:34
23.106.160.137,2020-11-14 14:23:44,2020-11-24 18:59:34
18.180.199.201,2020-10-15 04:37:28,2020-11-24 18:59:34
39.109.116.2,2020-08-20 14:31:32,2020-11-24 18:59:34
64.128.143.70,2019-06-23 04:54:17,2020-11-24 18:59:31
45.141.84.32,2020-10-10 15:59:16,2020-11-24 18:59:29
45.147.230.0,2020-11-14 14:23:01,2020-11-24 18:59:25
46.166.128.234,2020-06-06 23:22:33,2020-11-24 18:59:24
47.75.123.100,2019-12-07 04:49:39,2020-11-24 18:59:22
47.56.144.122,2020-08-26 08:56:48,2020-11-24 18:59:18
46.161.27.220,2020-11-09 22:42:58,2020-11-24 18:59:17
49.235.158.131,2020-05-16 20:03:06,2020-11-24 18:59:16
49.232.42.92,2020-09-19 15:36:04,2020-11-24 18:59:13
46.166.173.24,2020-10-22 10:57:25,2020-11-24 18:59:13
45.14.149.202,2020-11-21 22:26:26,2020-11-24 18:59:12
51.79.42.149,2020-11-01 22:28:58,2020-11-24 18:59:09
46.166.129.176,2020-11-05 06:58:25,2020-11-24 18:58:58
46.166.129.169,2020-07-28 21:43:26,2020-11-24 18:58:57
59.11.209.223,2020-11-21 12:25:14,2020-11-24 18:58:55
46.166.129.182,2020-11-05 06:59:14,2020-11-24 18:58:54
13.59.24.171,2020-10-20 13:48:08,2020-11-24 18:58:50
45.254.64.7,2020-10-28 09:44:26,2020-11-24 18:58:50
45.149.16.218,2020-11-03 05:32:34,2020-11-24 18:58:50
47.93.137.13,2020-11-14 14:47:11,2020-11-24 18:58:48
46.166.162.97,2020-10-14 06:04:53,2020-11-24 18:58:47
23.91.97.112,2020-11-23 18:42:25,2020-11-24 18:58:47
3.80.164.184,2020-07-13 18:50:00,2020-11-24 18:58:46
49.232.1.114,2020-10-31 23:51:53,2020-11-24 18:58:45
52.89.33.58,2020-11-21 12:37:09,2020-11-24 18:58:45
3.129.21.151,2020-09-26 08:56:46,2020-11-24 18:58:43
3.249.6.162,2020-11-24 18:20:36,2020-11-24 18:58:41
18.216.120.69,2020-10-08 22:17:19,2020-11-24 18:58:35
47.242.148.4,2020-11-04 05:37:58,2020-11-24 18:58:33
3.137.206.229,2020-10-25 08:27:05,2020-11-24 18:58:32
47.108.170.91,2020-11-24 18:26:06,2020-11-24 18:58:31
47.99.72.130,2020-11-06 15:07:50,2020-11-24 18:58:30
47.97.100.135,2020-03-10 16:43:21,2020-11-24 18:58:29
40.122.106.213,2020-06-17 03:55:17,2020-11-24 18:58:29
46.148.26.246,2020-11-18 19:45:23,2020-11-24 18:58:29
34.80.10.27,2020-09-28 16:04:26,2020-11-24 18:58:27
45.77.168.7,2020-11-07 18:50:25,2020-11-24 18:58:25
47.104.11.169,2020-06-03 14:35:43,2020-11-24 18:58:22
18.223.155.112,2020-10-09 23:34:01,2020-11-24 18:58:20
44.234.72.246,2020-05-29 06:40:12,2020-11-24 18:58:19
47.103.53.54,2020-11-17 19:54:17,2020-11-24 18:58:15
45.10.20.166,2020-07-09 10:54:39,2020-11-24 18:58:14
45.227.255.189,2020-09-12 17:57:18,2020-11-24 18:58:13
45.11.180.250,2020-11-01 22:28:54,2020-11-24 18:58:13
46.8.177.137,2020-08-03 14:29:41,2020-11-24 18:58:08
42.192.129.232,2020-11-21 12:24:24,2020-11-24 18:57:58
3.133.100.221,2020-10-25 07:53:32,2020-11-24 18:57:54
43.225.30.90,2020-05-30 14:23:17,2020-11-24 18:57:53
23.106.160.191,2020-07-04 00:51:32,2020-11-24 18:57:50
3.234.255.7,2020-05-14 12:49:05,2020-11-24 18:57:48
34.211.110.219,2020-05-27 00:17:55,2020-11-24 18:57:48
35.221.158.178,2020-07-24 11:47:57,2020-11-24 18:57:44
3.95.159.27,2020-05-15 02:25:45,2020-11-24 18:57:40
18.217.54.127,2020-07-30 14:35:22,2020-11-24 18:57:27
39.108.229.236,2020-07-07 05:18:00,2020-11-24 18:57:17
5.149.253.199,2020-06-11 11:49:16,2020-11-24 18:57:13
23.227.194.115,2020-11-04 01:50:01,2020-11-24 18:57:06
39.107.246.25,2020-11-14 14:24:29,2020-11-24 18:57:04
18.141.196.104,2020-10-27 03:48:15,2020-11-24 18:57:02
31.44.184.181,2020-11-23 18:22:19,2020-11-24 18:57:01
34.72.161.61,2020-09-15 02:37:39,2020-11-24 18:57:00
18.216.51.155,2019-02-14 05:07:46,2020-11-24 18:56:58
23.101.204.40,2020-03-12 07:15:38,2020-11-24 18:56:57
5.34.180.165,2020-10-07 19:43:14,2020-11-24 18:56:50
31.44.184.73,2020-11-23 18:22:03,2020-11-24 18:56:49
3.83.145.77,2020-11-09 23:05:20,2020-11-24 18:56:42
31.44.184.165,2020-11-23 18:22:31,2020-11-24 18:56:37
13.56.8.205,2020-11-19 22:06:13,2020-11-24 18:56:34
31.44.184.56,2020-11-23 18:22:55,2020-11-24 18:56:31
23.106.223.53,2020-09-15 15:15:39,2020-11-24 18:56:23
31.44.184.174,2020-11-23 18:22:10,2020-11-24 18:56:23
23.108.57.27,2020-09-21 22:50:52,2020-11-24 18:56:12
8.210.149.96,2020-11-13 00:41:05,2020-11-24 18:56:08
5.61.38.180,2019-05-04 07:48:13,2020-11-24 18:55:59
8.210.155.96,2020-09-20 08:29:02,2020-11-24 18:55:54
5.149.254.28,2020-11-23 18:55:54,2020-11-24 18:55:54
5.180.99.65,2020-02-29 05:43:40,2020-11-24 18:55:53
5.34.180.164,2020-10-02 23:07:33,2020-11-24 18:55:50
3.137.139.119,2020-11-14 14:20:39,2020-11-24 18:55:47
8.210.39.131,2020-09-17 17:29:12,2020-11-24 18:55:46
5.2.73.137,2020-09-28 15:51:54,2020-11-24 18:55:41
13.64.101.24,2020-08-31 15:25:51,2020-11-24 18:55:40
8.210.253.122,2020-08-21 04:20:43,2020-11-24 18:55:35
8.131.67.68,2020-10-29 09:56:58,2020-11-24 18:55:35
8.130.26.237,2020-11-24 18:16:29,2020-11-24 18:55:28
5.34.180.166,2020-10-07 19:43:54,2020-11-24 18:55:24
5.196.114.192,2020-11-06 14:57:47,2020-11-24 18:55:18
198.44.97.180,2020-11-13 00:52:59,2020-11-24 18:40:41
192.119.111.155,2020-10-09 23:33:36,2020-11-24 18:40:13
192.119.111.117,2020-10-09 23:33:37,2020-11-24 18:39:52
192.119.110.81,2020-10-09 23:31:36,2020-11-24 18:39:15
172.104.174.57,2020-08-25 20:45:56,2020-11-24 18:38:26
159.65.229.6,2020-11-19 22:12:40,2020-11-24 18:36:07
185.153.196.130,2020-11-10 22:55:10,2020-11-24 18:36:03
120.79.38.19,2020-06-02 18:45:10,2020-11-24 18:34:36
146.0.72.91,2020-10-30 23:55:43,2020-11-24 18:31:59
47.98.123.167,2020-10-25 08:01:25,2020-11-24 18:31:04
88.214.26.33,2020-11-14 14:24:37,2020-11-24 18:30:30
39.101.136.149,2020-09-29 23:02:11,2020-11-24 18:28:41
47.91.242.27,2020-05-28 09:31:47,2020-11-24 18:27:30
47.110.145.60,2020-06-12 09:50:05,2020-11-24 18:26:32
34.203.235.59,2020-10-08 22:30:59,2020-11-24 18:26:17
47.94.195.242,2020-11-21 12:29:25,2020-11-24 18:25:41
31.24.229.200,2020-11-23 18:22:24,2020-11-24 18:24:06
47.242.76.173,2020-09-03 21:05:28,2020-11-24 18:23:59
47.92.0.132,2020-11-12 00:35:33,2020-11-24 18:23:42
218.253.251.118,2020-10-28 09:24:36,2020-11-24 17:26:37
198.13.39.67,2020-10-22 10:22:58,2020-11-24 17:25:15
172.104.121.109,2020-11-22 12:42:21,2020-11-24 17:25:13
194.156.228.12,2020-09-21 20:48:21,2020-11-24 17:24:12
185.243.41.224,2020-04-21 04:23:06,2020-11-24 17:23:50
193.29.15.177,2020-09-11 21:09:37,2020-11-24 17:23:50
192.51.188.134,2020-07-28 10:23:35,2020-11-24 17:23:26
167.179.78.159,2020-04-22 16:14:24,2020-11-24 17:20:48
158.247.195.228,2020-10-16 21:24:50,2020-11-24 17:20:28
159.69.211.104,2020-11-20 22:27:55,2020-11-24 17:20:25
154.209.86.57,2020-09-15 01:12:07,2020-11-24 17:20:13
146.185.132.43,2019-03-16 19:00:11,2020-11-24 17:19:12
141.164.59.234,2020-09-25 02:10:57,2020-11-24 17:18:02
141.164.61.249,2020-07-04 20:01:09,2020-11-24 17:18:00
119.29.196.179,2020-11-20 22:27:14,2020-11-24 17:12:50
119.45.236.153,2020-09-24 02:09:16,2020-11-24 17:12:47
120.131.5.115,2020-08-21 02:22:23,2020-11-24 17:12:43
119.29.89.253,2020-07-28 20:10:53,2020-11-24 17:12:39
103.40.243.91,2020-11-23 16:39:09,2020-11-24 17:04:05
106.12.39.243,2020-09-10 18:31:53,2020-11-24 16:56:58
85.194.241.41,2020-09-09 21:24:12,2020-11-24 16:56:52
101.32.29.242,2020-06-21 16:02:40,2020-11-24 16:56:28
45.63.15.251,2020-09-22 20:42:37,2020-11-24 16:55:37
47.91.237.42,2020-08-21 12:14:23,2020-11-24 16:54:45
47.92.242.153,2020-10-12 08:42:10,2020-11-24 16:54:45
49.235.110.247,2020-10-20 12:49:42,2020-11-24 16:54:40
47.100.139.80,2020-11-09 21:34:47,2020-11-24 16:54:39
47.75.55.181,2020-05-08 18:36:45,2020-11-24 16:54:37
34.80.203.249,2020-07-18 15:43:01,2020-11-24 16:53:55
193.218.39.208,2020-11-16 15:06:00,2020-11-24 16:51:53
182.163.74.90,2020-06-25 12:02:29,2020-11-24 16:51:49
139.199.185.41,2020-11-24 16:49:21,2020-11-24 16:49:21
124.70.1.140,2020-09-10 18:20:17,2020-11-24 16:49:13
39.96.9.238,2020-11-11 23:53:26,2020-11-24 16:45:35
49.234.94.85,2020-08-08 10:52:27,2020-11-24 16:45:32
49.12.104.241,2020-08-21 20:15:29,2020-11-24 16:45:10
13.59.54.32,2020-11-11 19:39:43,2020-11-24 12:42:09
3.129.218.157,2020-11-10 16:21:45,2020-11-24 12:40:20
85.143.223.144,2020-11-21 23:42:21,2020-11-24 09:12:59
47.75.249.112,2020-11-21 22:38:18,2020-11-24 05:55:41
47.103.150.221,2020-11-21 22:38:19,2020-11-24 05:55:39
222.186.160.129,2020-08-17 13:20:00,2020-11-24 05:52:24
169.61.11.75,2020-11-04 01:51:43,2020-11-24 05:52:18
185.136.159.207,2020-09-29 23:22:17,2020-11-24 05:52:07
185.81.114.123,2020-09-01 04:45:48,2020-11-24 05:50:28
47.110.90.89,2020-11-09 22:51:25,2020-11-24 05:49:13
153.92.4.32,2020-11-23 18:31:44,2020-11-24 05:48:59
139.180.194.228,2020-11-23 04:19:08,2020-11-24 05:48:22
87.120.37.89,2020-08-21 21:35:29,2020-11-24 05:48:08
39.97.248.230,2020-11-24 05:46:58,2020-11-24 05:46:58
89.38.225.140,2020-10-27 03:51:07,2020-11-24 05:46:49
91.229.23.63,2020-10-29 10:03:40,2020-11-24 05:46:44
51.79.161.171,2020-05-16 20:10:03,2020-11-24 03:14:18
217.12.201.123,2020-09-22 00:38:04,2020-11-24 01:17:29
149.28.204.108,2020-11-24 01:14:57,2020-11-24 01:14:57
139.162.55.28,2020-11-24 01:14:45,2020-11-24 01:14:45
49.232.230.69,2020-10-27 00:50:16,2020-11-24 01:12:32
47.107.82.49,2020-11-10 01:44:59,2020-11-24 01:12:31
23.95.116.142,2020-11-24 01:11:30,2020-11-24 01:11:30
5.34.181.12,2020-10-09 23:15:32,2020-11-24 01:10:55
34.92.63.193,2020-09-24 04:46:12,2020-11-23 21:23:20
202.182.125.249,2020-11-18 20:02:49,2020-11-23 19:13:13
165.227.163.135,2020-11-23 18:36:12,2020-11-23 19:07:34
167.172.254.190,2020-11-23 19:06:17,2020-11-23 19:06:17
134.209.210.89,2020-11-19 22:12:12,2020-11-23 19:04:52
118.178.252.156,2020-09-02 07:32:19,2020-11-23 19:02:45
46.246.4.69,2020-11-23 19:00:41,2020-11-23 19:00:41
94.140.115.246,2020-11-05 07:03:44,2020-11-23 19:00:10
95.180.213.210,2020-11-23 04:16:17,2020-11-23 19:00:04
23.19.227.11,2020-10-29 10:04:13,2020-11-23 18:58:10
104.248.29.178,2020-08-20 14:52:21,2020-11-23 18:30:36
3.234.252.217,2020-07-26 15:05:45,2020-11-23 18:16:52
120.92.18.192,2020-11-06 13:50:15,2020-11-23 17:14:44
101.36.102.73,2020-11-03 05:36:07,2020-11-23 04:27:16
173.234.25.77,2020-11-06 16:35:31,2020-11-23 04:24:05
173.234.25.76,2020-11-06 16:39:41,2020-11-23 04:23:55
173.234.25.75,2020-11-06 16:35:49,2020-11-23 04:22:43
167.179.77.204,2020-11-23 04:20:37,2020-11-23 04:20:37
173.234.25.78,2020-11-07 19:02:58,2020-11-23 04:20:33
123.56.133.239,2020-10-25 22:08:27,2020-11-23 04:17:31
51.89.115.115,2020-04-27 09:25:06,2020-11-23 04:17:06
23.235.147.35,2020-10-14 06:37:11,2020-11-23 04:17:03
42.192.165.102,2020-11-23 04:14:00,2020-11-23 04:14:00
173.234.25.74,2020-11-06 16:37:10,2020-11-22 22:46:44
159.203.86.116,2020-11-21 22:32:09,2020-11-22 22:43:29
173.234.155.91,2020-10-25 08:05:45,2020-11-22 22:43:28
175.24.233.249,2020-11-21 12:53:40,2020-11-22 22:42:45
155.138.164.216,2020-06-06 03:30:07,2020-11-22 22:41:48
121.201.102.66,2020-11-15 15:12:39,2020-11-22 22:36:22
39.98.241.242,2020-11-15 15:45:12,2020-11-22 22:35:22
124.70.43.4,2020-11-19 22:04:14,2020-11-22 22:35:12
116.85.14.227,2020-11-17 19:50:56,2020-11-22 22:35:05
45.134.169.75,2020-09-29 22:57:45,2020-11-22 22:35:03
88.85.109.134,2020-11-22 13:10:45,2020-11-22 22:33:44
149.28.28.87,2020-05-20 03:05:56,2020-11-22 22:17:16
124.70.27.147,2020-09-04 23:31:03,2020-11-22 22:15:12
27.102.67.37,2020-11-22 21:46:20,2020-11-22 21:46:20
27.102.67.36,2020-11-22 21:45:16,2020-11-22 21:45:16
27.102.67.38,2020-11-22 21:45:15,2020-11-22 21:45:15
167.179.100.194,2020-10-30 07:54:16,2020-11-22 13:48:23
185.158.251.113,2020-11-21 12:35:08,2020-11-22 13:46:48
161.35.158.80,2020-11-22 13:15:01,2020-11-22 13:43:00
120.53.239.167,2020-10-20 21:53:06,2020-11-22 13:36:18
80.211.200.179,2020-09-05 10:16:07,2020-11-22 13:35:19
37.1.210.245,2020-10-22 10:58:06,2020-11-22 13:31:31
47.100.27.175,2020-10-16 07:49:03,2020-11-22 13:29:43
129.226.183.250,2020-11-17 19:50:49,2020-11-22 13:13:06
176.121.14.140,2020-09-20 11:38:51,2020-11-22 11:43:20
172.241.29.12,2020-09-28 16:10:30,2020-11-21 22:33:44
167.172.5.160,2020-11-13 02:13:18,2020-11-21 22:32:42
104.248.148.158,2020-11-13 02:14:57,2020-11-21 22:31:27
119.29.157.106,2020-10-22 12:00:41,2020-11-21 22:30:03
123.56.15.237,2020-11-19 22:05:36,2020-11-21 22:29:56
39.106.21.92,2020-09-20 08:35:39,2020-11-21 22:29:16
101.200.229.41,2020-11-15 16:18:19,2020-11-21 22:28:59
204.44.88.34,2020-10-27 03:59:44,2020-11-21 12:57:04
117.51.157.157,2020-11-21 12:28:36,2020-11-21 12:50:04
116.85.11.107,2020-11-21 12:50:02,2020-11-21 12:50:02
80.82.67.221,2020-10-28 09:46:01,2020-11-21 12:49:38
95.180.214.99,2020-11-21 12:28:43,2020-11-21 12:49:14
83.97.20.191,2020-11-21 12:26:41,2020-11-21 12:48:26
47.57.191.155,2020-11-19 22:00:38,2020-11-21 12:47:19
47.242.30.106,2020-10-22 10:57:58,2020-11-21 12:47:14
18.220.126.97,2020-04-29 10:11:47,2020-11-21 12:46:44
3.249.209.236,2020-11-21 12:23:44,2020-11-21 12:44:02
104.248.88.66,2020-04-24 19:51:47,2020-11-21 12:30:46
114.215.201.42,2020-11-12 00:39:01,2020-11-21 12:28:31
45.147.229.59,2020-11-21 12:26:50,2020-11-21 12:26:50
47.113.103.131,2020-03-25 07:04:00,2020-11-21 04:47:28
211.159.180.120,2020-11-21 04:46:12,2020-11-21 04:46:12
150.109.4.202,2020-08-29 01:25:23,2020-11-21 04:43:17
60.12.215.101,2020-11-12 00:02:27,2020-11-20 22:24:37
18.162.51.136,2020-08-31 13:23:52,2020-11-20 22:18:53
160.124.49.205,2020-10-16 21:49:30,2020-11-20 22:07:19
192.236.194.99,2020-08-04 22:38:08,2020-11-20 21:42:12
172.241.27.72,2020-08-04 22:36:11,2020-11-20 21:40:53
172.247.164.40,2020-10-22 11:22:13,2020-11-20 21:40:53
140.82.19.26,2019-09-01 06:43:49,2020-11-20 21:39:28
144.48.10.16,2020-03-17 01:42:57,2020-11-20 21:39:21
103.45.103.154,2020-09-11 20:39:49,2020-11-20 21:38:38
47.104.108.112,2020-04-14 01:59:43,2020-11-20 21:35:06
23.81.246.89,2020-11-20 21:34:33,2020-11-20 21:34:33
18.219.103.34,2020-09-18 20:29:56,2020-11-20 21:34:14
45.91.24.205,2020-10-23 20:22:43,2020-11-20 20:45:07
118.24.85.85,2020-09-11 09:42:20,2020-11-20 12:09:23
144.208.127.246,2020-09-18 06:47:44,2020-11-20 07:54:07
129.226.77.59,2020-05-08 10:03:59,2020-11-20 07:05:16
47.242.82.198,2020-11-20 06:58:53,2020-11-20 06:58:53
192.236.193.184,2020-11-16 15:59:52,2020-11-19 22:33:26
194.36.191.118,2020-04-29 20:01:39,2020-11-19 22:32:41
47.113.205.41,2020-11-18 19:48:11,2020-11-19 22:31:45
176.121.14.232,2020-11-19 22:07:52,2020-11-19 22:31:02
175.24.47.183,2020-08-24 08:20:56,2020-11-19 22:30:50
47.116.77.235,2020-11-16 15:48:43,2020-11-19 22:30:49
103.39.217.134,2020-11-06 15:16:00,2020-11-19 22:29:48
145.249.106.102,2020-10-28 09:49:17,2020-11-19 22:28:45
121.37.163.215,2020-11-04 05:42:40,2020-11-19 22:27:57
141.164.56.116,2020-09-23 13:08:21,2020-11-19 22:27:28
3.11.62.87,2020-01-31 05:47:03,2020-11-19 22:27:19
94.103.88.136,2020-09-16 03:20:08,2020-11-19 22:26:41
124.71.153.145,2020-11-19 22:04:21,2020-11-19 22:26:35
121.37.139.238,2020-11-09 23:12:16,2020-11-19 22:26:14
39.97.187.57,2020-09-02 07:28:47,2020-11-19 22:26:01
114.116.187.243,2020-08-04 00:13:32,2020-11-19 22:25:44
117.51.139.217,2020-11-15 15:49:34,2020-11-19 22:25:42
85.143.221.244,2020-11-18 19:55:35,2020-11-19 22:25:38
106.52.152.85,2020-09-21 22:57:03,2020-11-19 22:25:01
95.180.212.12,2020-11-19 22:03:24,2020-11-19 22:24:57
46.246.80.66,2020-11-19 22:03:03,2020-11-19 22:24:23
50.116.24.203,2020-04-01 03:40:37,2020-11-19 22:23:32
50.112.70.12,2019-07-25 15:48:31,2020-11-19 22:22:15
45.32.47.23,2020-09-26 09:03:39,2020-11-19 22:05:44
192.184.90.209,2020-03-10 04:46:09,2020-11-19 21:40:49
185.225.19.81,2020-10-12 11:49:11,2020-11-18 20:28:58
167.179.100.115,2020-10-20 14:03:13,2020-11-18 20:27:24
54.248.212.14,2020-09-01 04:51:59,2020-11-18 20:25:54
18.222.171.22,2020-08-31 15:15:39,2020-11-18 20:24:09
123.57.107.185,2020-11-09 22:48:52,2020-11-18 20:23:51
23.254.229.82,2020-11-03 05:36:33,2020-11-18 20:23:15
101.32.19.47,2020-11-01 22:31:24,2020-11-18 20:21:08
64.227.6.38,2020-05-16 05:05:13,2020-11-18 20:20:29
47.242.16.173,2020-11-13 00:44:08,2020-11-18 20:18:54
23.254.229.103,2020-09-12 18:06:43,2020-11-18 20:18:03
49.235.113.5,2020-11-15 15:43:39,2020-11-18 20:17:13
46.246.14.72,2020-10-31 23:54:03,2020-11-18 20:16:44
3.236.83.215,2020-10-28 09:43:08,2020-11-18 20:16:36
3.136.109.67,2020-11-17 19:46:27,2020-11-18 20:15:09
8.131.51.231,2020-11-18 19:40:58,2020-11-18 20:14:07
104.156.245.76,2020-11-14 14:25:40,2020-11-18 19:58:00
198.13.32.247,2020-10-07 05:19:49,2020-11-18 05:19:40
172.86.75.37,2020-06-14 06:33:39,2020-11-18 02:23:08
173.82.16.72,2020-07-09 17:58:23,2020-11-18 02:22:17
192.236.209.151,2020-10-28 09:53:19,2020-11-17 20:20:14
185.243.215.142,2020-10-29 10:08:30,2020-11-17 20:18:57
195.123.233.157,2020-09-30 13:03:02,2020-11-17 20:18:32
185.239.71.6,2020-10-25 08:03:55,2020-11-17 20:18:30
176.123.2.216,2020-11-13 00:50:38,2020-11-17 20:17:46
149.28.227.224,2020-10-18 20:48:05,2020-11-17 20:17:26
47.108.58.151,2020-11-14 14:56:01,2020-11-17 20:16:04
101.201.100.120,2020-11-13 00:45:40,2020-11-17 20:13:06
88.85.122.92,2020-11-17 19:50:28,2020-11-17 20:12:34
47.75.75.137,2020-11-17 20:12:09,2020-11-17 20:12:09
23.106.223.78,2020-11-13 00:44:48,2020-11-17 20:11:18
46.246.12.75,2020-11-17 19:45:32,2020-11-17 20:10:37
52.78.57.169,2020-10-22 11:13:50,2020-11-17 20:09:19
5.45.82.13,2020-11-10 22:40:32,2020-11-17 20:08:39
5.34.178.246,2020-09-21 22:50:24,2020-11-17 20:07:41
176.121.14.234,2020-11-06 16:33:44,2020-11-17 19:54:17
101.132.109.224,2020-11-17 19:50:22,2020-11-17 19:50:22
51.210.138.71,2020-11-14 14:23:53,2020-11-17 19:46:54
223.68.10.24,2019-08-01 19:02:53,2020-11-17 19:08:30
185.45.193.114,2020-09-18 04:39:38,2020-11-17 19:07:22
158.51.124.195,2020-11-06 13:52:23,2020-11-17 19:05:40
107.161.188.203,2020-07-15 09:16:09,2020-11-17 19:04:31
121.54.191.7,2020-09-22 00:35:24,2020-11-17 01:22:31
106.55.8.64,2020-09-15 01:00:21,2020-11-17 01:22:03
106.53.97.7,2020-10-20 00:11:41,2020-11-17 01:22:02
106.2.13.25,2020-10-27 02:25:03,2020-11-17 01:21:54
47.244.232.211,2020-10-27 02:21:03,2020-11-17 01:20:12
204.44.71.244,2020-11-14 14:31:10,2020-11-16 16:38:51
174.138.41.136,2020-11-16 15:54:26,2020-11-16 16:30:30
137.220.56.44,2020-10-08 22:38:50,2020-11-16 16:21:10
116.62.108.180,2020-11-05 07:04:08,2020-11-16 16:20:31
106.14.249.29,2020-11-12 00:38:58,2020-11-16 16:19:50
101.37.148.15,2020-09-19 15:38:27,2020-11-16 16:19:28
95.180.213.12,2020-11-15 22:32:21,2020-11-16 16:18:42
47.108.145.184,2020-11-13 01:06:05,2020-11-16 16:13:33
77.40.160.39,2019-05-07 21:32:49,2020-11-16 16:13:31
70.91.2.37,2020-05-30 01:43:42,2020-11-16 16:12:44
39.105.231.110,2020-09-17 05:34:20,2020-11-16 16:10:46
46.166.175.10,2020-09-06 03:00:29,2020-11-16 16:10:39
37.159.154.77,2020-11-16 15:44:26,2020-11-16 16:10:13
13.211.94.224,2020-11-12 00:33:38,2020-11-16 16:09:30
23.227.193.162,2020-10-15 05:03:51,2020-11-16 16:09:24
106.53.92.107,2020-11-16 15:48:11,2020-11-16 15:48:11
193.122.123.150,2020-11-10 22:05:53,2020-11-16 15:18:26
119.3.220.47,2020-11-06 13:49:24,2020-11-16 15:13:07
121.199.19.101,2020-11-16 11:08:13,2020-11-16 11:08:13
216.127.190.87,2020-02-12 13:19:53,2020-11-15 22:45:55
192.144.179.48,2020-08-17 13:00:35,2020-11-15 22:43:32
139.199.179.198,2020-11-12 00:09:33,2020-11-15 22:38:16
104.233.252.85,2020-07-15 11:20:49,2020-11-15 22:36:48
46.255.211.22,2020-10-25 07:53:05,2020-11-15 22:31:29
47.92.219.198,2020-06-23 01:31:33,2020-11-15 22:31:27
46.8.180.147,2020-10-18 15:51:13,2020-11-15 22:30:43
49.234.93.169,2020-11-13 00:44:33,2020-11-15 22:29:59
49.232.203.19,2020-11-15 22:29:12,2020-11-15 22:29:12
212.38.169.83,2020-11-01 22:42:17,2020-11-15 16:40:14
95.180.128.18,2020-11-15 15:48:12,2020-11-15 16:17:55
52.38.180.141,2020-10-18 16:05:27,2020-11-15 16:13:08
46.246.80.70,2020-11-15 15:44:50,2020-11-15 16:12:37
8.131.96.102,2020-11-15 16:07:32,2020-11-15 16:07:32
155.94.174.114,2020-02-11 01:37:16,2020-11-15 15:16:19
119.45.0.67,2020-09-27 14:56:48,2020-11-15 15:01:02
45.32.41.126,2020-11-15 14:52:27,2020-11-15 14:52:27
47.97.180.203,2020-11-08 14:48:10,2020-11-15 14:52:12
8.129.97.3,2020-10-31 04:31:40,2020-11-15 14:20:19
47.103.212.53,2020-11-14 14:26:17,2020-11-14 14:56:31
103.19.1.177,2020-07-30 14:56:26,2020-11-14 14:54:51
162.251.120.102,2020-09-15 15:16:35,2020-11-14 14:54:28
185.141.24.185,2020-11-01 22:40:48,2020-11-14 14:53:19
103.214.165.213,2020-10-15 04:51:01,2020-11-14 14:52:48
176.121.14.183,2020-03-05 11:13:04,2020-11-14 14:52:22
159.203.71.10,2020-11-14 14:30:44,2020-11-14 14:51:56
160.20.147.125,2020-11-13 00:49:45,2020-11-14 14:51:39
116.85.69.58,2020-11-12 00:39:09,2020-11-14 14:49:22
100.26.49.186,2020-09-22 23:06:55,2020-11-14 14:48:46
104.243.44.155,2020-08-17 11:52:42,2020-11-14 14:47:59
101.32.46.240,2020-09-07 15:06:53,2020-11-14 14:47:54
39.105.187.170,2020-11-06 16:04:53,2020-11-14 14:47:29
81.71.35.167,2020-10-20 13:57:30,2020-11-14 14:47:09
81.71.35.103,2020-10-28 09:45:48,2020-11-14 14:46:20
46.246.82.73,2020-11-14 14:24:28,2020-11-14 14:46:15
62.210.73.65,2020-06-23 12:39:11,2020-11-14 14:45:26
45.129.33.60,2020-11-05 07:00:51,2020-11-14 14:45:10
3.218.141.232,2020-01-31 05:51:45,2020-11-14 14:44:51
42.51.40.242,2020-11-14 14:22:00,2020-11-14 14:44:05
52.215.187.227,2019-04-07 23:15:57,2020-11-14 14:40:46
172.105.57.166,2020-08-12 15:22:56,2020-11-14 14:33:18
211.159.170.164,2020-10-12 11:44:01,2020-11-14 14:31:38
123.56.127.36,2020-11-06 15:12:40,2020-11-14 14:28:10
119.3.141.162,2020-11-07 18:53:41,2020-11-14 14:26:57
95.180.213.237,2020-11-14 14:26:51,2020-11-14 14:26:51
49.51.70.194,2020-10-20 14:29:44,2020-11-14 14:22:51
129.146.200.2,2020-11-07 17:38:08,2020-11-14 13:57:29
45.61.136.200,2020-11-14 13:53:29,2020-11-14 13:53:29
141.164.44.188,2020-09-28 02:24:00,2020-11-13 22:11:37
49.235.50.54,2020-07-28 19:50:12,2020-11-13 21:49:47
212.109.220.131,2020-11-06 21:33:49,2020-11-13 21:38:58
104.168.219.3,2020-05-09 22:01:22,2020-11-13 21:01:39
183.230.14.179,2020-11-13 07:55:55,2020-11-13 07:55:55
198.252.99.95,2020-10-25 08:43:51,2020-11-13 02:20:39
193.34.166.147,2020-11-07 18:59:09,2020-11-13 02:16:06
157.245.192.37,2020-10-28 09:49:25,2020-11-13 02:15:48
193.34.166.65,2020-09-08 20:57:37,2020-11-13 02:14:21
157.245.79.216,2020-04-29 10:14:24,2020-11-13 02:14:02
118.178.138.246,2020-05-01 10:42:20,2020-11-13 02:11:11
114.118.4.207,2020-07-20 12:19:01,2020-11-13 02:10:12
150.136.163.159,2020-10-13 01:35:59,2020-11-13 01:14:19
121.40.242.232,2020-10-13 01:35:27,2020-11-13 01:13:37
34.222.186.162,2020-11-13 01:13:30,2020-11-13 01:13:30
45.76.111.28,2020-11-07 18:52:45,2020-11-13 01:10:00
47.111.11.200,2020-11-09 23:15:19,2020-11-13 01:09:10
88.85.122.32,2020-11-13 00:45:21,2020-11-13 01:07:48
45.12.88.86,2020-11-07 18:49:38,2020-11-13 01:05:44
47.99.131.210,2020-11-13 01:05:33,2020-11-13 01:05:33
185.170.210.31,2020-08-20 15:07:57,2020-11-12 05:11:44
207.148.107.212,2020-09-01 04:45:47,2020-11-12 02:11:15
192.236.209.144,2020-10-28 09:51:10,2020-11-12 01:07:06
195.123.222.37,2020-10-14 06:12:59,2020-11-12 01:05:11
138.197.168.220,2020-11-12 00:40:10,2020-11-12 01:03:21
40.76.10.88,2020-11-12 00:40:16,2020-11-12 01:02:54
139.9.182.45,2020-11-10 22:49:50,2020-11-12 01:02:33
47.92.94.194,2020-06-09 11:21:14,2020-11-12 01:02:16
121.54.188.61,2020-11-07 18:54:43,2020-11-12 01:01:55
47.98.205.165,2020-09-20 08:39:44,2020-11-12 01:00:37
106.15.249.139,2020-11-05 07:03:01,2020-11-12 01:00:23
52.154.76.160,2020-11-12 00:38:43,2020-11-12 01:00:14
95.180.213.247,2020-11-12 00:38:56,2020-11-12 00:59:59
40.117.227.225,2020-11-10 22:44:33,2020-11-12 00:59:38
3.86.6.149,2020-11-12 00:35:30,2020-11-12 00:55:57
8.210.125.201,2020-10-31 23:48:34,2020-11-12 00:55:07
3.128.155.192,2020-11-12 00:34:00,2020-11-12 00:34:00
49.234.215.221,2020-11-10 21:49:18,2020-11-12 00:02:31
51.79.42.156,2020-05-11 12:14:16,2020-11-11 02:42:19
138.68.79.195,2020-08-12 15:12:26,2020-11-10 23:16:34
139.198.177.247,2020-11-01 22:35:38,2020-11-10 23:16:12
120.77.150.17,2020-11-10 23:15:03,2020-11-10 23:15:03
39.108.108.70,2020-11-10 22:44:18,2020-11-10 23:14:26
45.77.23.203,2020-11-07 18:48:16,2020-11-10 23:13:55
46.246.80.75,2020-11-09 22:43:35,2020-11-10 23:13:13
88.85.109.227,2020-11-10 22:45:34,2020-11-10 23:13:00
3.135.240.209,2020-04-14 16:36:23,2020-11-10 23:12:14
23.227.194.49,2020-10-06 08:38:15,2020-11-10 23:10:23
39.98.211.87,2020-09-25 04:20:16,2020-11-10 23:10:12
23.227.193.216,2020-11-07 18:52:35,2020-11-10 23:08:22
23.227.193.100,2020-10-28 09:44:33,2020-11-10 22:47:24
1.32.219.218,2020-10-28 09:40:54,2020-11-10 21:55:56
106.15.61.117,2020-11-10 21:51:59,2020-11-10 21:51:59
202.182.115.85,2020-11-10 01:49:41,2020-11-10 01:49:41
81.70.56.208,2020-10-20 00:08:58,2020-11-10 01:46:19
194.36.189.126,2020-10-08 22:43:17,2020-11-09 23:16:54
47.96.7.44,2020-09-12 17:53:58,2020-11-09 23:15:14
47.112.21.155,2020-11-05 07:00:22,2020-11-09 23:14:49
155.94.182.39,2020-09-25 22:15:53,2020-11-09 23:14:14
158.247.199.206,2020-11-06 15:19:29,2020-11-09 23:14:13
23.82.185.98,2020-10-27 03:50:56,2020-11-09 23:10:34
23.82.185.99,2020-10-25 08:15:42,2020-11-09 23:10:12
88.85.119.62,2020-11-09 22:45:12,2020-11-09 23:09:29
34.66.134.146,2020-10-27 03:47:36,2020-11-09 23:09:03
40.117.194.59,2020-10-22 09:57:29,2020-11-09 23:08:13
18.208.133.30,2020-11-05 07:04:38,2020-11-09 23:07:32
3.82.226.189,2020-10-22 10:52:45,2020-11-09 23:04:57
39.108.181.99,2019-08-21 00:29:58,2020-11-08 23:16:46
47.113.114.193,2020-10-28 09:50:48,2020-11-08 23:16:02
202.182.102.59,2020-11-05 07:11:05,2020-11-08 23:15:05
178.73.192.68,2020-11-05 07:09:36,2020-11-08 23:15:02
104.131.44.58,2020-09-09 21:31:10,2020-11-08 23:13:47
145.249.106.34,2020-10-02 23:18:32,2020-11-08 23:12:27
139.155.174.165,2020-11-05 07:06:25,2020-11-08 23:11:41
95.180.214.82,2020-11-08 22:33:43,2020-11-08 23:09:38
91.216.190.138,2020-04-02 17:06:36,2020-11-08 23:09:18
80.82.67.215,2020-10-07 04:34:20,2020-11-08 23:07:59
18.183.122.233,2020-10-01 16:55:24,2020-11-08 23:07:41
47.107.248.104,2020-10-27 04:26:21,2020-11-08 23:07:35
45.76.110.65,2020-11-04 01:48:40,2020-11-08 23:07:21
8.129.106.12,2020-10-25 22:20:22,2020-11-08 23:03:23
52.201.78.102,2020-11-05 07:07:19,2020-11-08 22:58:50
188.166.209.134,2020-11-01 22:39:40,2020-11-08 22:42:31
185.191.32.171,2020-11-08 15:11:54,2020-11-08 15:11:54
195.54.167.89,2020-09-28 02:25:59,2020-11-08 07:52:54
47.116.132.212,2020-11-07 21:58:29,2020-11-07 21:58:29
185.174.103.157,2020-08-08 23:12:22,2020-11-07 19:47:58
115.159.48.235,2020-10-22 11:06:02,2020-11-07 19:41:47
104.168.201.69,2020-09-23 13:04:04,2020-11-07 19:41:14
85.239.35.98,2020-09-02 20:58:39,2020-11-07 19:39:49
64.188.12.202,2020-09-18 14:33:24,2020-11-07 19:39:04
45.79.55.129,2020-08-04 00:59:58,2020-11-07 19:38:37
45.67.228.177,2020-09-16 15:05:48,2020-11-07 19:34:52
3.15.2.231,2020-10-28 09:49:26,2020-11-07 19:23:59
3.221.158.100,2020-11-07 18:45:23,2020-11-07 19:23:16
95.180.213.37,2020-11-07 18:53:03,2020-11-07 18:53:03
85.239.35.95,2020-09-02 07:29:17,2020-11-07 18:50:14
85.239.35.156,2020-09-02 20:59:45,2020-11-07 18:49:38
85.239.35.158,2020-08-29 02:43:21,2020-11-07 18:49:36
185.29.9.227,2020-10-16 21:27:23,2020-11-06 21:32:45
172.104.207.226,2020-10-16 21:25:10,2020-11-06 21:31:12
167.71.60.61,2020-01-28 01:42:43,2020-11-06 21:30:31
139.180.157.86,2020-09-18 20:37:42,2020-11-06 21:29:06
36.110.239.79,2020-08-13 15:08:07,2020-11-06 21:24:40
164.90.239.232,2020-11-05 07:08:16,2020-11-06 16:32:23
138.68.110.193,2020-11-06 15:17:00,2020-11-06 16:29:51
141.164.56.122,2020-11-02 04:44:26,2020-11-06 16:29:33
95.180.128.159,2020-11-06 16:24:49,2020-11-06 16:24:49
88.119.175.60,2020-10-06 08:33:14,2020-11-06 16:17:58
52.170.92.187,2020-11-05 07:05:38,2020-11-06 16:14:09
72.19.12.115,2020-11-03 05:34:54,2020-11-06 16:10:29
54.209.235.55,2020-11-06 16:08:07,2020-11-06 16:08:07
45.13.199.18,2020-11-06 15:02:07,2020-11-06 16:05:29
122.51.16.84,2020-07-24 11:53:29,2020-11-06 15:12:03
114.215.86.71,2020-06-20 02:47:55,2020-11-06 15:11:24
95.180.213.168,2020-11-06 15:09:55,2020-11-06 15:09:55
47.112.238.79,2020-10-16 07:49:03,2020-11-06 07:46:28
217.12.208.31,2020-06-20 02:59:56,2020-11-05 07:49:29
185.227.82.66,2020-05-26 18:24:58,2020-11-05 07:44:46
195.123.209.208,2020-10-07 04:49:30,2020-11-05 07:44:23
154.202.198.226,2020-10-22 11:21:27,2020-11-05 07:43:21
149.28.29.153,2020-11-05 07:06:54,2020-11-05 07:40:07
123.56.151.183,2020-09-20 22:48:09,2020-11-05 07:39:55
129.211.44.173,2020-08-21 04:31:07,2020-11-05 07:39:50
139.155.23.11,2020-09-16 15:09:48,2020-11-05 07:39:48
122.112.138.192,2020-10-14 06:06:17,2020-11-05 07:39:03
108.62.141.237,2020-10-07 04:34:14,2020-11-05 07:39:02
45.77.91.11,2020-06-30 18:36:30,2020-11-05 07:37:03
95.180.231.28,2020-11-05 07:02:44,2020-11-05 07:36:40
45.77.11.52,2020-04-08 10:08:14,2020-11-05 07:36:35
79.110.52.78,2020-10-07 04:36:37,2020-11-05 07:36:04
45.64.186.249,2020-11-05 07:34:57,2020-11-05 07:34:57
8.210.2.12,2020-11-04 05:33:58,2020-11-05 07:28:38
170.106.103.138,2020-10-31 23:58:20,2020-11-05 07:08:06
120.55.50.90,2020-11-05 07:04:38,2020-11-05 07:04:38
87.118.122.70,2020-11-03 05:04:35,2020-11-05 06:12:29
8.210.91.106,2020-06-15 03:22:21,2020-11-05 06:08:07
213.164.204.7,2020-10-18 20:56:36,2020-11-04 06:08:50
176.31.255.202,2020-10-28 09:50:55,2020-11-04 06:05:26
45.76.205.87,2020-11-04 05:37:23,2020-11-04 06:05:25
47.108.129.143,2020-10-27 03:50:26,2020-11-04 06:05:25
167.179.93.218,2020-10-20 14:04:28,2020-11-04 06:05:15
13.244.166.209,2020-11-03 05:30:12,2020-11-04 06:02:55
108.62.141.173,2020-10-13 09:47:48,2020-11-04 06:02:54
95.180.215.90,2020-11-04 01:49:08,2020-11-04 06:02:43
47.103.102.194,2020-10-04 09:49:48,2020-11-04 06:02:29
94.191.104.129,2020-11-03 05:35:08,2020-11-04 06:01:39
88.119.175.100,2020-10-02 23:13:20,2020-11-04 06:00:49
47.52.138.130,2020-10-25 08:28:02,2020-11-04 05:59:25
47.101.184.190,2020-10-27 03:48:04,2020-11-04 05:38:06
8.129.210.32,2020-09-14 10:46:09,2020-11-04 05:34:07
87.118.123.70,2020-11-03 05:04:49,2020-11-04 05:06:09
206.189.156.0,2020-10-29 10:08:32,2020-11-04 01:55:39
165.227.199.214,2020-11-03 05:38:45,2020-11-04 01:51:37
128.199.208.92,2020-10-30 23:55:43,2020-11-04 01:49:43
185.243.241.136,2020-10-25 08:05:38,2020-11-03 06:03:52
139.155.37.13,2020-11-03 05:59:41,2020-11-03 05:59:41
119.23.237.214,2020-07-24 11:55:15,2020-11-03 05:59:05
103.207.69.59,2020-09-08 20:58:58,2020-11-03 05:58:45
91.193.182.137,2020-10-12 11:40:42,2020-11-03 05:58:21
47.101.208.219,2020-08-12 15:12:38,2020-11-03 05:57:54
101.133.233.235,2020-09-24 03:56:13,2020-11-03 05:57:39
92.55.125.3,2020-11-03 05:36:07,2020-11-03 05:57:20
51.83.200.184,2020-10-08 22:22:58,2020-11-03 05:55:55
49.233.100.10,2020-10-20 14:29:46,2020-11-03 05:54:53
154.86.46.35,2020-11-03 05:43:18,2020-11-03 05:43:18
8.134.55.13,2020-10-29 09:56:43,2020-11-03 05:29:26
182.92.176.6,2020-09-29 00:18:47,2020-11-03 01:30:09
219.235.6.109,2020-10-29 10:07:46,2020-11-02 05:31:34
193.239.147.96,2020-09-18 14:40:32,2020-11-02 05:29:19
179.43.176.224,2020-10-28 09:51:42,2020-11-02 05:28:54
139.199.31.223,2020-10-31 23:57:15,2020-11-02 05:26:30
139.155.242.130,2020-11-02 04:45:06,2020-11-02 05:25:18
95.217.119.60,2020-07-07 05:21:41,2020-11-02 05:22:34
95.180.231.16,2020-11-01 22:30:42,2020-11-02 05:22:18
18.217.240.16,2020-10-30 23:56:52,2020-11-02 05:21:47
85.239.42.3,2020-09-02 07:29:30,2020-11-02 05:21:14
45.145.185.188,2020-08-17 11:17:22,2020-11-02 05:19:38
51.210.135.34,2020-10-31 23:52:43,2020-11-02 05:19:05
45.14.227.19,2020-11-01 22:27:23,2020-11-02 05:18:06
23.106.123.235,2020-09-01 05:00:27,2020-11-02 05:17:06
18.209.214.23,2020-10-02 23:17:08,2020-11-02 04:36:01
13.244.66.8,2020-11-02 04:33:40,2020-11-02 04:33:40
121.36.252.20,2020-08-08 22:52:54,2020-11-01 22:34:31
128.1.136.178,2020-10-31 23:56:22,2020-11-01 22:34:15
45.32.136.202,2020-10-20 13:56:34,2020-11-01 22:28:30
164.132.159.57,2020-10-15 05:07:38,2020-11-01 00:26:54
95.180.214.128,2020-10-31 23:54:27,2020-11-01 00:22:07
34.80.103.11,2020-10-22 11:01:11,2020-11-01 00:17:36